epoch,time,train/box_loss,train/cls_loss,train/dfl_loss,metrics/precision(B),metrics/recall(B),metrics/mAP50(B),metrics/mAP50-95(B),val/box_loss,val/cls_loss,val/dfl_loss,lr/pg0,lr/pg1,lr/pg2
1,9.82881,1.248,3.66208,1.67793,0.02004,1,0.224,0.1152,0.66482,2.75827,1.40106,9.996e-05,9.996e-05,9.996e-05
2,14.5209,0.94243,3.17002,1.47305,0.01237,1,0.45032,0.29794,0.67594,3.04774,1.31948,0.000206188,0.000206188,0.000206188
3,19.442,0.91236,2.72767,1.44454,0.00744,1,0.83371,0.62402,0.68632,2.7386,1.31293,0.000310273,0.000310273,0.000310273
4,25.0412,0.9454,2.23314,1.41537,0.85325,0.4443,0.78622,0.549,0.83499,2.10497,1.46799,0.000412213,0.000412213,0.000412213
5,29.6475,0.89333,1.92598,1.38194,0.82848,0.84769,0.90258,0.68544,0.81357,2.54504,1.41918,0.000512008,0.000512008,0.000512008
6,35.2571,0.88472,1.74268,1.35149,0.84991,0.63857,0.93914,0.70559,0.73215,2.24857,1.3002,0.00060966,0.00060966,0.00060966
7,39.7628,0.88477,1.66802,1.36957,0.65591,0.76698,0.77293,0.55138,0.81745,2.28681,1.55333,0.000705168,0.000705168,0.000705168
8,44.2221,0.8563,1.58656,1.32765,0.65826,0.85143,0.93703,0.72158,0.73806,6.47077,1.35164,0.000775273,0.000775273,0.000775273
9,50.1404,0.84761,1.47687,1.31903,0.76937,0.81799,0.95627,0.77188,0.6525,8.06068,1.27547,0.000767026,0.000767026,0.000767026
10,54.9658,0.8829,1.47286,1.33546,0.86604,0.77475,0.98988,0.7335,0.78707,9.21465,1.43037,0.00075878,0.00075878,0.00075878
11,60.2825,0.83359,1.39429,1.30557,0.85286,0.97394,0.9933,0.71069,0.88081,9.63297,1.53487,0.000750533,0.000750533,0.000750533
12,64.8797,0.84249,1.34832,1.30559,0.76566,0.90466,0.88641,0.59225,1.05989,3.62973,1.6478,0.000742286,0.000742286,0.000742286
13,69.4615,0.80898,1.27786,1.28827,0.97585,0.99493,0.995,0.72023,0.96795,8.57825,1.62979,0.00073404,0.00073404,0.00073404
14,75.0468,0.78096,1.22738,1.24803,0.93251,0.97011,0.995,0.70143,0.92291,3.73244,1.522,0.000725793,0.000725793,0.000725793
15,79.5978,0.82552,1.15421,1.28209,0.97839,0.98361,0.995,0.77185,0.72179,4.57876,1.31318,0.000717546,0.000717546,0.000717546
16,84.4717,0.8047,1.17145,1.27652,0.98762,0.87147,0.99458,0.78912,0.66427,4.60603,1.27072,0.000709299,0.000709299,0.000709299
17,89.633,0.81193,1.089,1.26917,0.8994,0.90247,0.9912,0.76792,0.71929,6.81469,1.32816,0.000701053,0.000701053,0.000701053
18,94.1941,0.82996,1.13551,1.29002,0.98484,0.99481,0.995,0.77922,0.75017,3.00297,1.33579,0.000692806,0.000692806,0.000692806
19,99.5972,0.76886,1.06547,1.23722,0.84706,0.91714,0.995,0.78902,0.74543,5.97675,1.36215,0.000684559,0.000684559,0.000684559
20,104.14,0.77658,1.10909,1.26575,0.91022,0.97588,0.995,0.70945,0.8873,12.7158,1.51032,0.000676313,0.000676313,0.000676313
21,108.668,0.71885,1.04774,1.22979,0.9116,0.8673,0.84981,0.6397,0.83725,8.46317,1.38723,0.000668066,0.000668066,0.000668066
22,114.266,0.78501,1.09604,1.24649,0.97802,0.99938,0.995,0.7758,0.74125,7.11847,1.32882,0.000659819,0.000659819,0.000659819
23,118.757,0.71539,0.99944,1.2134,0.99396,1,0.995,0.78463,0.72362,6.50829,1.36904,0.000651573,0.000651573,0.000651573
24,123.577,0.72792,0.94751,1.21353,0.88735,0.94126,0.99478,0.78622,0.72281,8.37084,1.34348,0.000643326,0.000643326,0.000643326
25,128.484,0.75641,0.97056,1.25625,0.98338,0.96108,0.995,0.78191,0.70087,11.1902,1.32096,0.000635079,0.000635079,0.000635079
26,133.623,0.76444,0.93317,1.23937,0.96854,0.99152,0.995,0.77744,0.71939,12.2645,1.33202,0.000626832,0.000626832,0.000626832
27,139.482,0.74338,0.89176,1.21561,0.93753,0.95985,0.995,0.7584,0.82644,4.80554,1.51684,0.000618586,0.000618586,0.000618586
28,143.92,0.73234,0.86451,1.20792,0.99264,1,0.995,0.74678,0.84429,8.3297,1.46478,0.000610339,0.000610339,0.000610339
29,148.739,0.70678,0.86333,1.18609,0.99146,1,0.995,0.73657,0.87933,11.4499,1.55744,0.000602092,0.000602092,0.000602092
30,153.903,0.70023,0.85951,1.20376,0.98149,1,0.995,0.78226,0.74482,9.59447,1.35894,0.000593846,0.000593846,0.000593846
31,158.381,0.69538,0.81896,1.19142,0.99236,1,0.995,0.80125,0.66043,10.0539,1.22331,0.000585599,0.000585599,0.000585599
32,163.834,0.67733,0.81366,1.18148,0.98958,1,0.995,0.79078,0.71953,9.2333,1.30328,0.000577352,0.000577352,0.000577352
33,168.499,0.69594,0.83293,1.18003,0.98331,0.99315,0.995,0.80018,0.70917,12.6781,1.27738,0.000569106,0.000569106,0.000569106
34,172.946,0.70207,0.78147,1.185,0.9937,1,0.995,0.79421,0.69315,8.59912,1.28936,0.000560859,0.000560859,0.000560859
35,178.51,0.72715,0.7937,1.20734,0.99161,1,0.995,0.7742,0.73434,8.73485,1.31009,0.000552612,0.000552612,0.000552612
36,182.929,0.73007,0.78589,1.23328,0.99234,1,0.995,0.81308,0.67308,6.83812,1.2277,0.000544365,0.000544365,0.000544365
37,187.538,0.70014,0.76087,1.19764,0.99533,1,0.995,0.82278,0.64288,5.64105,1.18202,0.000536119,0.000536119,0.000536119
38,192.795,0.67301,0.7273,1.17236,0.9704,0.99299,0.995,0.79773,0.69867,3.38728,1.26742,0.000527872,0.000527872,0.000527872
39,197.256,0.68505,0.71759,1.18217,0.99012,0.85714,0.995,0.79024,0.72586,3.76082,1.29682,0.000519625,0.000519625,0.000519625
40,202.716,0.67449,0.76495,1.18919,0.99517,1,0.995,0.77833,0.76074,4.25558,1.33303,0.000511379,0.000511379,0.000511379
41,207.162,0.69473,0.74118,1.19049,0.98636,1,0.995,0.8014,0.66857,3.82099,1.2246,0.000503132,0.000503132,0.000503132
42,211.561,0.66778,0.67844,1.17174,0.98438,1,0.995,0.80802,0.64093,8.9847,1.21721,0.000494885,0.000494885,0.000494885
43,217.019,0.66856,0.67288,1.17208,0.99389,1,0.995,0.7934,0.65411,6.84799,1.22876,0.000486639,0.000486639,0.000486639
44,221.408,0.72027,0.75242,1.2178,0.99322,0.99935,0.995,0.75768,0.76299,10.1997,1.34401,0.000478392,0.000478392,0.000478392
45,226.068,0.66736,0.67031,1.18045,0.98636,1,0.995,0.74403,0.8073,9.99505,1.4355,0.000470145,0.000470145,0.000470145
46,231.476,0.65784,0.66233,1.16532,0.99549,1,0.995,0.745,0.8585,7.97061,1.52098,0.000461898,0.000461898,0.000461898
47,235.877,0.66767,0.66427,1.17059,0.98856,1,0.995,0.7885,0.74972,8.14591,1.3242,0.000453652,0.000453652,0.000453652
48,241.276,0.65376,0.66002,1.1597,0.99375,1,0.995,0.79036,0.73789,5.26608,1.314,0.000445405,0.000445405,0.000445405
49,245.886,0.64786,0.65517,1.16194,0.99593,1,0.995,0.79286,0.71912,3.97543,1.29433,0.000437158,0.000437158,0.000437158
50,250.258,0.63913,0.64529,1.14969,0.99584,1,0.995,0.79554,0.69727,5.38156,1.26946,0.000428912,0.000428912,0.000428912
51,255.724,0.65384,0.62557,1.16309,0.99358,1,0.995,0.79826,0.68319,9.14415,1.26356,0.000420665,0.000420665,0.000420665
52,260.482,0.65073,0.62514,1.14823,0.99337,1,0.995,0.79592,0.70492,11.6884,1.28428,0.000412418,0.000412418,0.000412418
53,266.054,0.62506,0.59248,1.16904,0.99257,1,0.995,0.78238,0.74982,7.61162,1.30828,0.000404172,0.000404172,0.000404172
54,271.054,0.61515,0.59026,1.12938,0.98682,1,0.995,0.78066,0.75471,6.29372,1.31831,0.000395925,0.000395925,0.000395925
55,275.553,0.66077,0.61211,1.16755,0.99543,1,0.995,0.79863,0.68493,5.2966,1.26501,0.000387678,0.000387678,0.000387678
56,281.072,0.62555,0.58293,1.12212,0.99575,1,0.995,0.75936,0.7939,5.16203,1.37576,0.000379431,0.000379431,0.000379431
57,285.574,0.62529,0.58469,1.12996,0.98966,1,0.995,0.7662,0.76454,8.04258,1.34302,0.000371185,0.000371185,0.000371185
58,290.017,0.63647,0.56487,1.14979,0.99463,1,0.995,0.79823,0.68737,10.1997,1.27745,0.000362938,0.000362938,0.000362938
59,295.687,0.6167,0.60541,1.14596,0.99429,1,0.995,0.80023,0.71416,11.5191,1.3072,0.000354691,0.000354691,0.000354691
60,300.171,0.62633,0.58349,1.12402,0.98927,1,0.995,0.80916,0.67371,8.84202,1.23716,0.000346445,0.000346445,0.000346445
61,305.092,0.60061,0.59046,1.11662,0.99601,1,0.995,0.81101,0.63005,7.72244,1.18812,0.000338198,0.000338198,0.000338198
62,309.955,0.59496,0.55218,1.11061,0.99336,0.99975,0.995,0.80817,0.63758,5.62954,1.19371,0.000329951,0.000329951,0.000329951
63,314.498,0.61844,0.59328,1.1192,0.9948,1,0.995,0.78904,0.68546,6.65517,1.24332,0.000321705,0.000321705,0.000321705
64,320.179,0.64978,0.58949,1.141,0.99454,1,0.995,0.79634,0.66388,8.4096,1.24177,0.000313458,0.000313458,0.000313458
65,324.643,0.63723,0.59254,1.14726,0.99435,1,0.995,0.79919,0.66408,7.26262,1.22969,0.000305211,0.000305211,0.000305211
66,329.07,0.62536,0.55932,1.13,0.99592,1,0.995,0.79287,0.69138,7.55157,1.22435,0.000296964,0.000296964,0.000296964
67,334.621,0.61056,0.54835,1.12711,0.99658,1,0.995,0.7959,0.69354,10.2905,1.24509,0.000288718,0.000288718,0.000288718
68,339.101,0.61757,0.53272,1.14994,0.99086,1,0.995,0.79702,0.66537,12.7799,1.24318,0.000280471,0.000280471,0.000280471
69,344.036,0.61205,0.56062,1.12718,0.98734,0.97174,0.995,0.8096,0.63441,9.87163,1.19545,0.000272224,0.000272224,0.000272224
70,348.911,0.61388,0.54702,1.12934,0.98758,0.99749,0.995,0.81374,0.63477,8.47606,1.19581,0.000263978,0.000263978,0.000263978
71,353.266,0.60606,0.5471,1.13309,0.99516,1,0.995,0.80845,0.64832,8.46877,1.21776,0.000255731,0.000255731,0.000255731
72,358.867,0.5966,0.51751,1.1264,0.99269,1,0.995,0.81416,0.61553,7.45418,1.17407,0.000247484,0.000247484,0.000247484
73,363.225,0.60452,0.52311,1.11208,0.99577,1,0.995,0.81278,0.64541,7.48424,1.1906,0.000239238,0.000239238,0.000239238
74,367.584,0.56159,0.50182,1.11575,0.99532,1,0.995,0.80223,0.67025,9.01453,1.2168,0.000230991,0.000230991,0.000230991
75,373.091,0.60137,0.521,1.11113,0.99657,1,0.995,0.80191,0.66221,8.88118,1.22608,0.000222744,0.000222744,0.000222744
76,377.461,0.62577,0.5432,1.13274,0.99629,1,0.995,0.79252,0.68179,6.60134,1.26634,0.000214497,0.000214497,0.000214497
77,382.179,0.58196,0.52779,1.11756,0.99481,1,0.995,0.79585,0.68108,5.18919,1.27195,0.000206251,0.000206251,0.000206251
78,387.951,0.55431,0.4909,1.08983,0.99593,1,0.995,0.7916,0.685,6.69607,1.27182,0.000198004,0.000198004,0.000198004
79,392.878,0.55878,0.49557,1.10589,0.99686,1,0.995,0.79411,0.68675,8.02279,1.27166,0.000189757,0.000189757,0.000189757
80,398.402,0.56404,0.46984,1.09001,0.99623,1,0.995,0.80153,0.69284,10.8314,1.28858,0.000181511,0.000181511,0.000181511
81,402.996,0.58972,0.48848,1.11472,0.99697,1,0.995,0.80666,0.67791,10.766,1.26384,0.000173264,0.000173264,0.000173264
82,407.466,0.55204,0.46746,1.0851,0.99506,1,0.995,0.81751,0.64295,8.41624,1.19844,0.000165017,0.000165017,0.000165017
83,412.906,0.58068,0.47743,1.09039,0.99528,1,0.995,0.81938,0.63674,6.50206,1.1895,0.000156771,0.000156771,0.000156771
84,417.379,0.58914,0.49,1.10799,0.99615,1,0.995,0.80562,0.6721,7.33135,1.24276,0.000148524,0.000148524,0.000148524
85,422.463,0.59145,0.47913,1.10801,0.99666,1,0.995,0.80202,0.68479,8.12363,1.26482,0.000140277,0.000140277,0.000140277
86,427.104,0.56111,0.46787,1.09254,0.9966,1,0.995,0.80106,0.69458,8.61448,1.27435,0.000132031,0.000132031,0.000132031
87,431.495,0.53387,0.44457,1.08222,0.99653,1,0.995,0.79154,0.69032,9.82179,1.2661,0.000123784,0.000123784,0.000123784
88,437.022,0.5596,0.46975,1.11191,0.99653,1,0.995,0.78897,0.6929,10.1606,1.26372,0.000115537,0.000115537,0.000115537
89,441.449,0.54929,0.46152,1.08684,0.99684,1,0.995,0.79527,0.69007,9.79315,1.24922,0.00010729,0.00010729,0.00010729
90,445.928,0.56598,0.45813,1.07105,0.9958,1,0.995,0.79934,0.68578,9.53877,1.24222,9.90437e-05,9.90437e-05,9.90437e-05
91,452.855,0.48565,0.5432,1.13514,0.99428,1,0.995,0.80664,0.67569,8.90566,1.24732,9.0797e-05,9.0797e-05,9.0797e-05
92,457.191,0.47958,0.55123,1.13044,0.99196,1,0.995,0.80833,0.66034,8.81958,1.25082,8.25503e-05,8.25503e-05,8.25503e-05
93,462.467,0.48096,0.51839,1.14472,0.99486,1,0.995,0.80606,0.65214,13.7954,1.24352,7.43036e-05,7.43036e-05,7.43036e-05
94,466.82,0.47982,0.49686,1.13158,0.99595,1,0.995,0.8132,0.64255,16.0695,1.23243,6.60569e-05,6.60569e-05,6.60569e-05
95,471.313,0.47537,0.48863,1.15226,0.996,1,0.995,0.81119,0.63931,13.6436,1.22406,5.78102e-05,5.78102e-05,5.78102e-05
96,476.858,0.45735,0.48507,1.11893,0.99592,1,0.995,0.80863,0.64967,11.6757,1.22477,4.95635e-05,4.95635e-05,4.95635e-05
97,481.153,0.45671,0.47391,1.09846,0.99629,1,0.995,0.80829,0.66081,12.2885,1.22824,4.13168e-05,4.13168e-05,4.13168e-05
98,485.538,0.4552,0.48838,1.12254,0.99709,1,0.995,0.80806,0.66649,13.1749,1.23046,3.30701e-05,3.30701e-05,3.30701e-05
99,490.729,0.44963,0.46359,1.09557,0.99752,1,0.995,0.80414,0.66662,13.8111,1.23106,2.48234e-05,2.48234e-05,2.48234e-05
100,495.076,0.47228,0.46926,1.1044,0.99741,1,0.995,0.80294,0.66829,13.8096,1.23385,1.65767e-05,1.65767e-05,1.65767e-05
